{"cameraMode":{"drawMode":0,"name":"Shaded","section":"Shading Mode"},"sceneLighting":true,"audioPlay":false,"sceneViewState":{"showFog":true,"showMaterialUpdate":false,"showSkybox":true,"showFlares":true,"showImageEffects":true,"showParticleSystems":true},"in2DMode":false,"pivot":{"x":7.3137593269348148,"y":-0.5473928451538086,"z":-3.159635066986084},"rotation":{"x":-0.05773934721946716,"y":-0.8205233812332153,"z":0.084244005382061,"w":-0.5624264478683472},"size":4.81028938293457,"orthographic":false}