{"cameraMode":{"drawMode":0,"name":"Shaded","section":"Shading Mode"},"sceneLighting":true,"audioPlay":false,"sceneViewState":{"showFog":true,"showMaterialUpdate":false,"showSkybox":true,"showFlares":true,"showImageEffects":true,"showParticleSystems":true},"in2DMode":false,"pivot":{"x":0.48218098282814028,"y":1.3305213451385499,"z":-5.657313346862793},"rotation":{"x":-0.1011018455028534,"y":-0.14100123941898347,"z":0.014472606591880322,"w":-0.9847387075424194},"size":0.17320503294467927,"orthographic":false}