{"cameraMode":{"drawMode":0,"name":"Shaded","section":"Shading Mode"},"sceneLighting":true,"audioPlay":false,"sceneViewState":{"showFog":true,"showMaterialUpdate":false,"showSkybox":true,"showFlares":true,"showImageEffects":true,"showParticleSystems":true},"in2DMode":false,"pivot":{"x":0.8240927457809448,"y":1.3934261798858643,"z":-5.635861873626709},"rotation":{"x":-0.010752695612609387,"y":0.10209754854440689,"z":-0.0011076993541792036,"w":-0.9947267174720764},"size":0.17320503294467927,"orthographic":false}