{"cameraMode":{"drawMode":0,"name":"Shaded","section":"Shading Mode"},"sceneLighting":true,"audioPlay":false,"sceneViewState":{"showFog":true,"showMaterialUpdate":false,"showSkybox":true,"showFlares":true,"showImageEffects":true,"showParticleSystems":true},"in2DMode":false,"pivot":{"x":0.1570570468902588,"y":2.285874843597412,"z":-2.6951303482055666},"rotation":{"x":-0.10939411073923111,"y":-0.05932435393333435,"z":0.006543952506035566,"w":-0.9922109842300415},"size":1.956230878829956,"orthographic":false}