{"cameraMode":{"drawMode":0,"name":"Shaded","section":"Shading Mode"},"sceneLighting":false,"audioPlay":false,"sceneViewState":{"showFog":true,"showMaterialUpdate":false,"showSkybox":false,"showFlares":true,"showImageEffects":true,"showParticleSystems":true},"in2DMode":false,"pivot":{"x":1.190999984741211,"y":1.2029999494552613,"z":0.09495377540588379},"rotation":{"x":-0.12000226229429245,"y":-0.017591232433915139,"z":0.002122111152857542,"w":-0.9926272034645081},"size":0.47320514917373659,"orthographic":false}