{"cameraMode":{"drawMode":0,"name":"Shaded","section":"Shading Mode"},"sceneLighting":true,"audioPlay":false,"sceneViewState":{"showFog":true,"showMaterialUpdate":false,"showSkybox":true,"showFlares":true,"showImageEffects":true,"showParticleSystems":true},"in2DMode":false,"pivot":{"x":-0.09519758820533753,"y":-0.06526057422161102,"z":-6.3775835037231449},"rotation":{"x":-0.13190285861492158,"y":-0.018735064193606378,"z":0.0025018651504069568,"w":-0.9910964965820313},"size":0.6271916627883911,"orthographic":false}