{"cameraMode":{"drawMode":0,"name":"Shaded","section":"Shading Mode"},"sceneLighting":true,"audioPlay":false,"sceneViewState":{"showFog":true,"showMaterialUpdate":false,"showSkybox":true,"showFlares":true,"showImageEffects":true,"showParticleSystems":true},"in2DMode":false,"pivot":{"x":-5.363313674926758,"y":0.8612823486328125,"z":-4.091928005218506},"rotation":{"x":-0.14507783949375153,"y":0.053990688174963,"z":-0.007931036874651909,"w":-0.9879173636436462},"size":0.8234283328056336,"orthographic":false}